d_antenna_zoom1,s1_spacing,R,z_R,z_new,w_new,w0_new
0.14,0.01,0.3711072972603183,0.07732964972757159,0.18106608648120637,25.263925098508274,9.922659321656814
0.14,0.023030303030303033,0.3740743495537174,0.07859440856130562,0.18087798564201582,25.10152633535823,10.003474845038905
0.14,0.036060606060606064,0.37705725752770874,0.07987916599049533,0.18064896720214213,24.93748226264403,10.08490520230918
0.14,0.049090909090909095,0.38005599409976965,0.08118412139415869,0.18037803036850794,24.77184286578091,10.166948104698026
0.14,0.062121212121212126,0.38307052667685004,0.08250946920576469,0.18006415818855365,24.604660307768064,10.249600919445
0.14,0.07515151515151515,0.3861008169359059,0.08385539846147398,0.17970631760223194,24.43598903646751,10.332860657178765
0.14,0.08818181818181818,0.38914682059734773,0.08522209232949446,0.17930345951532237,24.26588589730226,10.416723959046987
0.14,0.10121212121212121,0.3922084871912071,0.08660972762020971,0.1788545188953051,24.094410251600113,10.50118708360118
0.14,0.11424242424242424,0.39528575981583014,0.08801847427676553,0.1783584148910814,23.921624100808707,10.586245893442706
0.14,0.1272727272727273,0.3983785748888984,0.08944849484582659,0.17781405097786662,23.74759221680427,10.671895841636847
0.14,0.14030303030303032,0.40148686189057403,0.09089994392824632,0.1772203151286209,23.572382278509956,10.758131957902922
0.14,0.15333333333333335,0.404610543098563,0.0923729676094275,0.17657608001342756,23.396065015031397,10.844948834589465
0.14,0.16636363636363638,0.4077495333148934,0.09386770286919212,0.175880203228267,23.21871435550338,10.932340612444605
0.14,0.1793939393939394,0.41090373958419535,0.09538427697101896,0.1751315275546724,23.04040758582434,11.02030096619293
0.14,0.19242424242424244,0.41407306090327034,0.09692280683055544,0.1743288812517915,22.861225512432746,11.108823089931288
0.14,0.20545454545454547,0.4172573879217394,0.09848339836336266,0.17347107838241624,22.681252633250395,11.19789968235738
0.14,0.2184848484848485,0.42045660263354834,0.10006614581190708,0.17255691917457297,22.50057731588188,11.28752293184625
0.14,0.23151515151515153,0.42367057805911723,0.10167113105187299,0.17158519042030299,22.319291983115782,11.377684501391125
0.14,0.24454545454545457,0.426899177917913,0.10329842287793824,0.17055466591328733,22.137493305719055,11.468375513426755
0.14,0.25757575757575757,0.4301422562912258,0.1049480762692231,0.16946410692700037,21.955282402453136,11.559586534554631
0.14,0.2706060606060606,0.4333996572749268,0.10662013163470037,0.1683122627350979,21.772765047163357,11.651307560191217
0.14,0.2836363636363637,0.43667121462199276,0.10831461403893893,0.16709787117576944,21.590051882704444,11.743527999162069
0.14,0.2966666666666667,0.4399567513745677,0.1100315324086349,0.1658196592617927,21.407258641359007,11.836236658266115
0.14,0.3096969696969697,0.44325607948535095,0.11177087872048418,0.16447634383804835,21.224506371284672,11.929421726836484
0.14,0.32272727272727275,0.44656899942808825,0.11353262717104542,0.1630666322882524,21.041921668383615,12.023070761325862
0.14,0.3357575757575758,0.4498952997969503,0.1153167333293492,0.16158922329266923,20.859636912826428,12.117170669946294
0.14,0.3487878787878788,0.45323475689458614,0.11712313327312039,0.1600428076385594,20.677790509276914,12.2117076973953
0.14,0.3618181818181818,0.45658713430863884,0.11895174270959932,0.15842606908510795,20.496527129654094,12.306667409702126
0.14,0.3748484848484849,0.4599521824765149,0.1208024560820682,0.15673768528455612,20.31599795703023,12.402034679229937
0.14,0.38787878787878793,0.4633296382382095,0.12267514566332345,0.1549763287612371,20.136360928998165,12.497793669871884
0.14,0.40090909090909094,0.4667192243769851,0.1245696606374653,0.1531406679501773,19.957780978544562,12.59392782248096
0.14,0.41393939393939394,0.4701206491477139,0.1264858261715226,0.1512293682968827,19.780430270138535,12.690419840575819
0.14,0.426969696969697,0.4735336057927023,0.12842344247857365,0.14924109341987615,19.604488428385878,12.78725167636664
0.14,0.44000000000000006,0.47695777204481893,0.13038228387418171,0.14717450633748652,19.430142756208436,12.884404517147615
0.14,0.45303030303030306,0.4803928096177603,0.13236209782811675,0.14502827076031544,19.257588439087424,12.98185877210434
0.14,0.46606060606060606,0.48383836368329936,0.13436260401350358,0.1428010524507225,19.087028731461217,13.079594059587027
0.14,0.4790909090909091,0.4872940623353712,0.1363834933556992,0.14049152065056875,18.918675120896264,13.177589194902136
0.14,0.4921212121212122,0.49075951604086554,0.1384244270833773,0.13809834957834713,18.75274746516073,13.275822178677485
0.14,0.5051515151515151,0.49423431707700705,0.14048503578447236,0.13562021999670384,18.58947409683233,13.374270185857792
0.14,0.5181818181818182,0.49771803895522637,0.1425649184698122,0.13305582085121262,18.429091889575396,13.472909555389633
0.14,0.5312121212121212,0.5012102358314341,0.14466364164745055,0.1304038509811121,18.27184627974197,13.571715780656866
0.14,0.5442424242424243,0.5047104419026327,0.14678073841089034,0.12766302090254314,18.11799123650365,13.670663500729328
0.14,0.5572727272727274,0.5082181707898322,0.14891570754457403,0.12483205466463922,17.967789173327386,13.769726492489532
0.14,0.5703030303030303,0.5117329149072319,0.15106801265019357,0.1219096917786186,17.8215107932916,13.868877663703659
0.14,0.5833333333333334,0.5152541448176926,0.15323708129755897,0.11889468921980836,17.679434860528733,13.968089047104803
0.14,0.5963636363636364,0.5187813085745117,0.15542230420393688,0.11578582350229225,17.541847890006267,14.06733179555777
0.14,0.6093939393939394,0.5223138310495765,0.15762303444594705,0.11258189282561952,17.409043747954907,14.166576178376076
0.14,0.6224242424242424,0.5258511132479786,0.15983858670827067,0.10928171929274137,17.281323155555835,14.265791578862716
0.14,0.6354545454545455,0.5293925316092191,0.1620682365735876,0.10588415119804605,17.158993089043985,14.364946493147315
0.14,0.6484848484848486,0.532937437295166,0.1643112198583122,0.10238806538406146,17.042366070207695,14.464008530392833
0.14,0.6615151515151516,0.5364851554649694,0.1665667319988401,0.09879236966506026,16.931759342396152,14.562944414445418
0.14,0.6745454545454546,0.5400349845371748,0.16883392749314974,0.09509600531546374,16.827493928612235,14.661719987001097
0.14,0.6875757575757576,0.5435861954393248,0.1711119194027224,0.0912979496205751,16.72989357008383,14.760300212362962
0.14,0.7006060606060607,0.5471380308453931,0.17339977891984457,0.08739721848679738,16.63928354587623,14.858649183861928
0.14,0.7136363636363636,0.5506897044014323,0.17569653500544472,0.08339286910809203,16.555989376618303,14.956730132013414
0.14,0.7266666666666667,0.5542403999398904,0.17800117410268268,0.07928400268502815,16.480335418235644,15.054505434481205
0.14,0.7396969696969697,0.5577892706830944,0.18031263993155094,0.07506976719234813,16.412643354660258,15.151936627918005
0.14,0.7527272727272728,0.5613354384364653,0.1826298333697773,0.07074936019053335,16.353230601744155,15.248984421750647
0.14,0.7657575757575759,0.5648779927721098,0.18495161242530747,0.06632203167641292,16.302408637942804,15.345608713975238
0.14,0.7787878787878788,0.5684159902034788,0.18727679230561917,0.06178708696739272,16.260481280633023,15.441768609024944
0.14,0.7918181818181819,0.5719484533518799,0.18960414558905986,0.05714388961342172,16.227742930049267,15.537422437769854
0.14,0.8048484848484849,0.5754743701057023,0.19193240250330695,0.05239186433033771,16.204476805609517,15.632527779704617
0.14,0.8178787878787879,0.5789926927732862,0.19426025131592653,0.04753049994776158,16.190953201701113,15.72704148737545
0.14,0.8309090909090909,0.5825023372304765,0.19658633884184626,0.04255935236423234,16.18742779165473,15.82091971309332
0.14,0.843939393939394,0.5860021820639789,0.19890927107236478,0.03747804750180439,16.194140009515475,15.9141179379751
0.14,0.856969696969697,0.5894910677117347,0.2012276139300803,0.03228628425185926,16.21131153921316,16.006591003348543
0.14,0.8700000000000001,0.5929677956016376,0.20353989415385337,0.02698383740342454,16.2391449397666,16.09829314455093
0.14,0.883030303030303,0.5964311272900266,0.20584460031760182,0.021570560544850147,16.277822433202612,16.189178027144397
0.14,0.8960606060606061,0.5998797836014887,0.2081401839863692,0.01604638892925457,16.32750487895328,16.279198785563672
0.14,0.9090909090909092,0.6033124437716386,0.21042506101271172,0.01041134229375242,16.388330954694755,16.36830806420425
0.14,0.9221212121212121,0.6067277445946488,0.2126976129760086,0.004665527622077325,16.460416559037355,16.45645806095069
0.14,0.9351515151515152,0.6101242795774506,0.2149561887668172,-0.0011908581601328344,16.543854446346614,16.543600573136068
0.14,0.9481818181818182,0.6135005981026407,0.2171991063178688,-0.007157525568457514,16.638714098478907,16.629687045914228
0.14,0.9612121212121213,0.6168552046022797,0.2194246544827371,-0.013234090032570759,16.745041832587393,16.714668623017047
0.14,0.9742424242424244,0.6201865577449072,0.2216310950626031,-0.019420069470477565,16.862861138631782,16.798496199858615
0.14,0.9872727272727273,0.6234930696382459,0.22381666498089742,-0.02571488197590816,16.99217323503965,16.88112047893801
0.14,1.0003030303030302,0.6267731050502274,0.22597957860491646,-0.032117843630824025,17.132957826321913,16.962492027481332
0.14,1.0133333333333334,0.6300249806511168,0.22811803021279872,-0.0386281664550842,17.285174042509425,17.04256133725286
0.14,1.0263636363636364,0.6332469642796912,0.23023019660349484,-0.045244956505356114,17.448761537173414,17.12127888645357
0.14,1.0393939393939395,0.6364372742365916,0.23231423984659935,-0.051967212135335145,17.62364171859325,17.198595203614147
0.14,1.0524242424242425,0.6395940786081207,0.2343683101681035,-0.05879382242923722,17.809719087359706,17.2744609333775
0.14,1.0654545454545454,0.6427154946239677,0.23639054896732387,-0.06572356582037678,18.006882653326173,17.348826904054654
0.14,1.0784848484848486,0.6457995880524838,0.23837909195942097,-0.07275510890639701,18.215007405273944,17.421644196825817
0.14,1.0915151515151515,0.6488443726373379,0.24033207243708507,-0.07988700547241763,18.433955807840544,17.492864216447014
0.14,1.1045454545454547,0.6518478095795546,0.24224762464412453,-0.08711769573297266,18.66357930204846,17.56243876331131
0.14,1.1175757575757577,0.6548078070691231,0.24412388725284626,-0.0944455058031432,18.903719788028347,17.63032010670232
0.14,1.1306060606060606,0.6577222198705512,0.24595900693629147,-0.10186864740874414,19.154211071116222,17.69646105906705
0.14,1.1436363636363638,0.660588848966924,0.24775114202556708,-0.10938521784479231,19.414880255284153,17.760815051124474
0.14,1.1566666666666667,0.6634054412672157,0.2494984662417261,-0.11699320019077596,19.68554907071442,17.823336207616595
0.14,1.1696969696969697,0.666169689381779,0.2511991724908825,-0.12469046379045488,19.966035125141705,17.883979423499145
0.14,1.1827272727272728,0.6688792314711254,0.2528514767105199,-0.13247476500305613,20.256153071278685,17.942700440360586
0.14,1.1957575757575758,0.6715316511732863,0.25445362175427466,-0.14034374823178375,20.555715685138562,17.999455922850167
0.14,1.2087878787878787,0.6741244776152053,0.25600388130183716,-0.14829494723455405,20.86453485232655,18.054203534888646
0.14,1.221818181818182,0.6766551855137939,0.2575005637800492,-0.15632578672077815,21.1824224613594,18.1069020154293
0.14,1.2348484848484849,0.6791211953724354,0.25894201628076824,-0.16443358423687623,21.50919120477491,18.157511253531702
0.14,1.247878787878788,0.6815198737788619,0.26032662846062743,-0.17261555234200307,21.84465529021019,18.205992362506613
0.14,1.260909090909091,0.6838485338104758,0.2616528364074772,-0.18086880107421277,22.18863106476857,18.25230775288759
0.14,1.273939393939394,0.6861044355533186,0.2629191264580112,-0.18919034070599786,22.54093755687821,18.29642120398317
0.14,1.286969696969697,0.6882847867409774,0.264124038950901,-0.19757708478680377,22.901396940493257,18.33829793376303
0.14,1.3,0.6903867435198401,0.2652661718996765,-0.20602585346876842,23.269834926928475,18.377904666832492
0.2,0.01,0.3900496037896376,0.08988623906879617,0.18151077840161314,24.10662695892979,10.69797710363553
0.2,0.023030303030303033,0.3931769084815004,0.09135224102815967,0.18115098113366662,23.95178804180743,10.784863734754875
0.2,0.036060606060606064,0.3963216237968115,0.09284081959312017,0.18074570983843682,23.795769742837532,10.872377976854176
0.2,0.049090909090909095,0.3994837325797576,0.09435216439439152,0.18029387995858262,23.638633959074312,10.960515810776986
0.2,0.062121212121212126,0.4026632119030987,0.09588645742513814,0.1797943905017186,23.480445191810354,11.049272799521715
0.2,0.07515151515151515,0.4058600328297789,0.09744387245751782,0.17924612417572516,23.321270664290708,11.138644073900613
0.2,0.08818181818181818,0.40907416016663667,0.09902457443712186,0.17864794755122834,23.16118044421334,11.228624317961406
0.2,0.10121212121212121,0.41230555220998905,0.10062871885507116,0.17799871125273053,23.000247571074556,11.319207754181097
0.2,0.11424242424242424,0.4155541604828666,0.10225645109757046,0.17729725017992468,22.83854818839439,11.410388128442609
0.2,0.1272727272727273,0.4188199294636721,0.10390790577277177,0.17654238376076845,22.676161680827768,11.502158694806297
0.2,0.14030303030303032,0.42210279630602865,0.10558320601484927,0.17573291623793158,22.513170816132106,11.594512200089557
0.2,0.15333333333333335,0.4254026905495806,0.1072824627652453,0.17486763699027658,22.349661891921926,11.687440868269151
0.2,0.16636363636363638,0.4287195338215113,0.10900577403111043,0.17394532089106993,22.18572488709323,11.780936384722356
0.2,0.1793939393939394,0.4320532395285325,0.11075322412102803,0.1729647287046575,22.021453617745024,11.874989880324495
0.2,0.19242424242424244,0.4354037125390987,0.11252488285818624,0.1719246075233727,21.85694589736174,11.969591915421951
0.2,0.20545454545454547,0.4387708488556067,0.11432080477124291,0.17082369124648059,21.692303700947146,12.064732463701578
0.2,0.2184848484848485,0.442154535276317,0.1161410282632088,0.1696607011029831,21.52763333271642,12.160400895978785
0.2,0.23151515151515153,0.44555464904675646,0.11798557475877212,0.16843434622014397,21.363045596858527,12.256585963928762
0.2,0.24454545454545457,0.4489710575003425,0.11985444783058138,0.16714332423960573,21.198655970773498,12.353275783786815
0.2,0.25757575757575757,0.4524036176879721,0.12174763230510766,0.16578632198298873,21.034584780068492,12.450457820045786
0.2,0.2706060606060606,0.4558521759963229,0.12366509334882267,0.16436201616887613,20.87095737446208,12.548118869180605
0.2,0.2836363636363637,0.4593165677546074,0.12560677553554075,0.16286907418308924,20.707904303595853,12.646245043431813
0.2,0.2966666666666667,0.46279661682952145,0.1275726018959042,0.16130615490415878,20.54556149158694,12.74482175468222
0.2,0.3096969696969697,0.4662921352081332,0.12956247295011528,0.15967190958588912,20.384070408972818,12.843833698462722
0.2,0.32272727272727275,0.469802922568457,0.13157626572516504,0.1579649827988956,20.223578240500956,12.943264838125732
0.2,0.3357575757575758,0.47332876583745565,0.13361383275794733,0.15618401343297236,20.064238047000533,13.043098389226733
0.2,0.3487878787878788,0.47686943873622134,0.13567500108580105,0.1543276357621125,19.906208919341623,13.143316804156704
0.2,0.3618181818181818,0.48042470131208903,0.13775957122618435,0.15239448057396318,19.749656122240545,13.243901757070617
0.2,0.3748484848484849,0.483994299457435,0.13986731614734496,0.15038317636544196,19.59475122540954,13.344834129159288
0.2,0.38787878787878793,0.48757796441492207,0.1419979802320262,0.148292350606178,19.441672219277155,13.446093994314397
0.2,0.40090909090909094,0.49117541226896066,0.1441512782364235,0.14612063107136483,19.290603612226242,13.547660605238663
0.2,0.41393939393939394,0.494786343423155,0.14632689424678774,0.14386664724552448,19.14173650601341,13.649512380055572
0.2,0.426969696969697,0.49841044206351837,0.1485244806362631,0.14152903179857781,18.995268645752578,13.751626889475373
0.2,0.44000000000000006,0.5020473756072497,0.15074365702473444,0.13910642213550328,18.85140444057356,13.853980844576277
0.2,0.45303030303030306,0.5056967941368659,0.15298400924465919,0.13659746202073103,18.710354950811812,13.95655008526211
0.2,0.46606060606060606,0.5093583298195106,0.15524508831605618,0.13400080327827613,18.57233783735879,14.059309569459856
0.2,0.4790909090909091,0.5130315963112598,0.1575264094340259,0.13131510756845152,18.437577268614277,14.162233363122638
0.2,0.4921212121212122,0.5167161881462665,0.1598274509723787,0.1285390482418177,18.306303780346493,14.265294631105695
0.2,0.5051515151515151,0.5204116801106006,0.16214765350715415,0.1256713122708327,18.17875408369748,14.368465628985021
0.2,0.5181818181818182,0.5241176266006636,0.16448641886401327,0.12271060225944844,18.055170816586035,14.471717695889923
0.2,0.5312121212121212,0.5278335609660627,0.16684310919368892,0.11965563853066287,17.93580223387518,14.575021248422642
0.2,0.5442424242424243,0.5315589948368752,0.16921704607987945,0.11650516129178795,17.82090183190431,14.678345775739675
0.2,0.5572727272727274,0.5352934174352343,0.1716075096841589,0.11325793287691409,17.710727903353394,14.781659835870716
0.2,0.5703030303030303,0.5390362948712052,0.174013737932669,0.10991274006576433,17.60554301892635,14.884931053352426
0.2,0.5833333333333334,0.5427870694229548,0.1764349257495354,0.10646839647781242,17.505613433025434,14.988126118255101
0.2,0.5963636363636364,0.5465451588012332,0.17887022434211927,0.10292374504020962,17.411208411450794,15.09121078668098
0.2,0.6093939393939394,0.550309955398234,0.1813187405433768,0.09927766052770806,17.322599480205028,15.194149882813521
0.2,0.6224242424242424,0.5540808255209311,0.18377953621674076,0.09552905217239716,17.24005959571323,15.2969073025969
0.2,0.6354545454545455,0.5578571086090299,0.18625162772907092,0.09167686634067469,17.163862238177508,15.399446019125014
0.2,0.6484848484848486,0.5616381164377084,0.1887339854973285,0.08772008927446347,17.094280431357202,15.50172808981861
0.2,0.6615151515151516,0.5654231323053865,0.1912255336147269,0.08365774989325281,17.031585693776954,15.603714665468395
0.2,0.6745454545454546,0.5692114102067833,0.1937251495621744,0.07948892265309805,16.97604692817965,15.705366001220547
0.2,0.6875757575757576,0.5730021739916072,0.19623166401087863,0.07521273045824733,16.927929257915594,15.806641469579631
0.2,0.7006060606060607,0.5767946165092549,0.1987438607219954,0.07082834762058572,16.8874928208364,15.907499575501552
0.2,0.7136363636363636,0.580587898739967,0.2012604765491962,0.06633500286159755,16.85499153307936,16.00789797364665
0.2,0.7266666666666667,0.5843811489129579,0.20378020154999105,0.06173198235104295,16.83067183681334,16.107793487860164
0.2,0.7396969696969697,0.5881734616120928,0.20630167921156486,0.05701863277603731,16.814771447496213,16.2071421329435
0.2,0.7527272727272728,0.5919638968697685,0.20882350679677614,0.05219436443369915,16.807518117390515,16.30589913877574
0.2,0.7657575757575759,0.5957514792497345,0.21134423581582132,0.04725865434001561,16.80912843292736,16.404018976840316
0.2,0.7787878787878788,0.5995351969196657,0.21386237262887503,0.04221104934704862,16.819806663934592,16.50145538920645
0.2,0.7918181818181819,0.6033140007143886,0.21637637918479102,0.03705116926008528,16.83974368270366,16.598161420009333
0.2,0.8048484848484849,0.6070868031907656,0.21888467390067334,0.03177870994582407,16.869115970327467,16.694089449466773
0.2,0.8178787878787879,0.6108524776753242,0.2213856326868069,0.02639344642217792,16.908084726685278,16.789191230463008
0.2,0.8309090909090909,0.6146098573058328,0.22387759012107636,0.020895235919790603,16.956795098891753,16.883417927723183
0.2,0.843939393939394,0.618357734068135,0.2263588407765843,0.015284020904883388,17.01537554099938,16.976720159593764
0.2,0.856969696969697,0.6220948578296647,0.22882764070572703,0.009559832052601417,17.083937315304613,17.069048042435796
0.2,0.8700000000000001,0.6258199353711824,0.2312822090834727,0.003722791159601034,17.162574142837588,17.16035123762866
0.2,0.883030303030303,0.6295316294184143,0.2337207300120328,-0.0022268860157693233,17.251362007609284,17.25057900117241
0.2,0.8960606060606061,0.6332285576753891,0.23614135448851703,-0.008288886997704399,17.350359116056463,17.339680235866638
0.2,0.9090909090909092,0.6369092918614281,0.23854220253650862,-0.014462799933912928,17.45960600997903,17.427603546033147
0.2,0.9221212121212121,0.6405723567538644,0.24092136550180265,-0.02074811104591652,17.579125828219187,17.51429729473863
0.2,0.9351515151515152,0.6442162292387513,0.24327690851181763,-0.027144202201484734,17.708924709495058,17.599709663462193
0.2,0.9481818181818182,0.6478393373719424,0.24560687309740356,-0.033650348622172914,17.848992326266487,17.683788714140558
0.2,0.9612121212121213,0.6514400594531123,0.24790927997496023,-0.04026571673903486,17.999302537354783,17.766482453511735
0.2,0.9742424242424244,0.6550167231154581,0.25018213198592754,-0.04698936220960935,18.15981414531713,17.847738899665547
0.2,0.9872727272727273,0.6585676044339785,0.25242341718982975,-0.053820228109247255,18.330471743323372,17.927506150696836
0.2,1.0003030303030302,0.6620909270554329,0.25463111210615025,-0.060757143309731615,18.51120663550892,18.005732455344408
0.2,1.0133333333333334,0.6655848613532458,0.25680318509938627,-0.06779882105795537,18.70193781447184,18.082366285486042
0.2,1.0263636363636364,0.6690475236108369,0.25893759990069665,-0.07494385776714696,18.90257297971507,18.15735641034726
0.2,1.0393939393939395,0.6724769752370428,0.2610323192586064,-0.08219073203278235,19.113009581361798,18.230651972268895
0.2,1.0524242424242425,0.6758712220174906,0.2630853087102806,-0.08953780388487018,19.3331358743361,18.302202563866114
0.2,1.0654545454545454,0.6792282134060104,0.26509454046393655,-0.096983314287777,19.56283196933979,18.371958306399453
0.2,1.0784848484848486,0.6825458418603647,0.2670579973820365,-0.10452538489812536,19.801970868301947,18.439869929166758
0.2,1.0915151515151515,0.6858219422267906,0.26897367705398706,-0.11216201809059319,20.050419473464753,18.50588884971379
0.2,1.1045454545454547,0.6890542911780728,0.2708395959461937,-0.11989109726064295,20.308039560834874,18.569967254650372
0.2,1.1175757575757577,0.6922406067100701,0.27265379361647657,-0.12771038741231303,20.57468871031688,18.632058180849416
0.2,1.1306060606060606,0.6953785477018388,0.2744143369790485,-0.13561753603823687,20.85022118640559,18.69211559679656
0.2,1.1436363636363638,0.6984657135447192,0.2761193246055196,-0.14361007429799189,21.134488764806243,18.75009448385027
0.2,1.1566666666666667,0.7014996438459595,0.27776689104670405,-0.15168541849974895,21.427341501744326,18.80595091716468
0.2,1.1696969696969697,0.7044778182126579,0.2793552111593922,-0.1598408718889775,21.72862844399652,18.85964214602122
0.2,1.1827272727272728,0.7073976561220274,0.28088250442171975,-0.16807362674669157,22.038198278806703,18.911126673310154
0.2,1.1957575757575758,0.7102565168841797,0.2823470392203093,-0.17638076679837408,22.35589992383715,18.960364333898962
0.2,1.2087878787878787,0.7130516997038145,0.2837471370920075,-0.18475926993333455,22.681583058144746,19.007316371622096
0.2,1.221818181818182,0.7157804438474031,0.2850811769027755,-0.19320601123281023,23.015098595866647,19.051945514625384
0.2,1.2348484848484849,0.7184399289226231,0.2863475989461383,-0.20171776630365187,23.356299104858323,19.09421604879834
0.2,1.247878787878788,0.721027275276954,0.2875449089435461,-0.21029121491293942,23.705039172958124,19.134093889029458
0.2,1.260909090909091,0.7235395445225166,0.28867168192907106,-0.218922944917351,24.0611757248683,19.171546648022534
0.2,1.273939393939394,0.7259737401943507,0.28972656600103563,-0.22760945647960418,24.424568292856925,19.20654370241665
0.2,1.286969696969697,0.7283268085494441,0.29070828592347253,-0.23634716656276125,24.795079244609557,19.23905625595865
0.2,1.3,0.7305956395139279,0.29161564656072714,-0.24513241369171457,25.172573971609346,19.269057399484552
0.3,0.01,0.42396278802215887,0.11671070612142233,0.17964632156041707,22.37579963975994,12.190188116996355
0.3,0.023030303030303033,0.42738757354882156,0.11859783724743733,0.17893486592902194,22.24270871469553,12.288346361634751
0.3,0.036060606060606064,0.43083279635397054,0.1205123931316405,0.1781689252135438,22.109390208689717,12.387136253625165
0.3,0.049090909090909095,0.4342984612869941,0.12245451055776214,0.17734725553705338,21.975928343530526,12.486549774590747
0.3,0.062121212121212126,0.43778456699222956,0.124424311819105,0.17646859664034956,21.842410438469354,12.58657833307143
0.3,0.07515151515151515,0.44129110563453566,0.1264219038407847,0.17553167222430885,21.708927009381593,12.687212747124295
0.3,0.08818181818181818,0.4448180626153213,0.12844737727497232,0.1745351903331409,21.575571868061584,12.788443226757956
0.3,0.10121212121212121,0.4483654162787466,0.13050080556933075,0.1734778437805637,21.442442221178815,12.890259356221918
0.3,0.11424242424242424,0.45193313760780995,0.13258224400893456,0.17235831062095616,21.3096387683564,12.992650076173918
0.3,0.1272727272727273,0.45552118991003043,0.13469172873206278,0.17117525466759248,21.177265798762846,13.095603665749953
0.3,0.14030303030303032,0.45912952849242883,0.13682927572036782,0.1699273260600894,21.045431285530597,13.199107724563929
0.3,0.15333333333333335,0.46275810032550335,0.1389948797640396,0.16861316188324027,20.91424697723444,13.303149154665764
0.3,0.16636363636363638,0.4664068436958916,0.1411885134027114,0.1672313868394302,20.783828485575146,13.407714142489118
0.3,0.1793939393939394,0.4700756878474103,0.1434101258429886,0.1657806139768532,20.654295368322583,13.512788140821982
0.3,0.19242424242424244,0.47376455261015427,0.14565964185362418,0.16425944547576532,20.52577120647623,13.61835585083586
0.3,0.20545454545454547,0.4774733480173339,0.14793696063951672,0.16266647349501864,20.398383674501396,13.724401204211496
0.3,0.2184848484848485,0.4812019739095278,0.15024195469586524,0.16100028108112185,20.27226460239686,13.830907345401616
0.3,0.23151515151515153,0.48495031952602063,0.1525744686439851,0.15925944314206414,20.147550028245227,13.937856614073663
0.3,0.24454545454545457,0.4887182630829041,0.1549343180504667,0.15744252748812734,20.024380239793068,14.045230527778074
0.3,0.25757575757575757,0.49250567133758916,0.15732128823153996,0.15554809594187843,19.902899803504543,14.153009764890125
0.3,0.2706060606060606,0.4963123991394153,0.15973513304470757,0.1535747055195042,19.78325757943318,14.261174147876257
0.3,0.2836363636363637,0.500138288966009,0.16217557366990754,0.15152090968559512,19.665606720162817,14.369702626938281
0.3,0.2966666666666667,0.5039831704450477,0.16464229738267266,0.14938525968342536,19.55010465198435,14.478573264091507
0.3,0.3096969696969697,0.5078468598611067,0.16713495632198042,0.1471663059427018,19.43691303640279,14.58776321773594
0.3,0.32272727272727275,0.5117291596472376,0.1696531662557,0.14486259956666245,19.32619771001247,14.69724872778189
0.3,0.3357575757575758,0.515629857860949,0.17219650534678008,0.14247269390029904,19.218128600741704,14.807005101394417
0.3,0.3487878787878788,0.5195487276442499,0.17476451292355466,0.13999514618135628,19.11287961845566,14.917006699423622
0.3,0.3618181818181818,0.5234855266674323,0.1773566882577861,0.13742851927562053,19.010628517922683,15.027226923590385
0.3,0.3748484848484849,0.5274399965562592,0.17997248935430768,0.13477138349785084,18.911556732199234,15.137638204499822
0.3,0.38787878787878793,0.5314118623022368,0.1826113317563777,0.13202231851952634,18.815849174577135,15.248211990557191
0.3,0.40090909090909094,0.5354008316556618,0.18527258737110666,0.1291799153643891,18.723694007368973,15.358918737863467
0.3,0.41393939393939394,0.5394065945011285,0.18795558331956944,0.1262427784925351,18.635282375987103,15.469727901170096
0.3,0.426969696969697,0.5434288222152018,0.1906596008164635,0.12320952797357015,18.55080810700399,15.580607925974578
0.3,0.44000000000000006,0.5474671670059709,0.1933838740844257,0.12007880174907908,18.470467369168897,15.691526241840728
0.3,0.45303030303030306,0.5515212612342,0.19612758930835794,0.11684925798436836,18.39445829670122,15.802449257029071
0.3,0.46606060606060606,0.5555907167158282,0.19888988363535595,0.11351957750913143,18.322980574585294,15.913342354524712
0.3,0.4790909090909091,0.5596751240055601,0.20166984422606268,0.11008846634634678,18.256234986054128,16.024169889551324
0.3,0.4921212121212122,0.5637740516613303,0.20446650736348904,0.10655465832835818,18.1944229229689,16.13489518866105
0.3,0.5051515151515151,0.5678870454894315,0.2072788576255554,0.10291691779869955,18.13774586037213,16.245480550491166
0.3,0.5181818181818182,0.5720136277701227,0.21010582712779863,0.09917404239781327,18.086404797108425,16.35588724827862
0.3,0.5312121212121212,0.5761532964635587,0.2129462948428698,0.09532486593037642,18.040599665059037,16.466075534224153
0.3,0.5442424242424243,0.5803055243959099,0.21579908600360273,0.09136826131148412,18.000528710212482,16.57600464579723
0.3,0.5572727272727274,0.5844697584255726,0.21866297159657613,0.08730314358845756,17.96638784947958,16.685632814072783
0.3,0.5703030303030303,0.5886454185894006,0.22153666795319285,0.0831284730345325,17.938370007840614,16.79491727418948
0.3,0.5833333333333334,0.5928318972289313,0.22441883644539223,0.07884325831015472,17.916664441066196,16.90381427801803
0.3,0.5963636363636364,0.597028558096613,0.22730808329315996,0.07444655968705738,17.901456049862464,17.012279109126016
0.3,0.6093939393939394,0.6012347354420855,0.23020295949101752,0.06993749232972302,17.892924691833674,17.120266100123278
0.3,0.6224242424242424,0.6054497330786194,0.23310196086065807,0.06531522962824875,17.89124449811108,17.2277286524689
0.3,0.6354545454545455,0.6096728234298611,0.2360035282368346,0.06057900657602595,17.896583201845488,17.33461925881729
0.3,0.6484848484848486,0.6139032465570926,0.2389060477935078,0.055728123185035255,17.9091014859842,17.440889527976573
0.3,0.6615151515151516,0.618140209167274,0.2418078515171156,0.050761947930931625,17.92895235783529,17.546490212547926
0.3,0.6745454545454546,0.622382883602201,0.24470721783362764,0.04567992121946299,17.956280557851773,17.651371239308755
0.3,0.6875757575757576,0.6266304068091733,0.2476023723958097,0.040481558865137664,17.99122200983765,17.755481742396825
0.3,0.7006060606060607,0.6308818792936606,0.2504914890368185,0.03516645557242084,18.033903319384944,17.858770099345357
0.3,0.7136363636363636,0.635136364054507,0.25337269089589687,0.02973428840911887,18.084441326799382,17.96118397001197
0.3,0.7266666666666667,0.639392885502331,0.2562440517215302,0.02418482026099326,18.1429427200711,18.062670338435968
0.3,0.7396969696969697,0.6436504283618392,0.2591035973569483,0.01851790325605469,18.209503712611046,18.16317555764971
0.3,0.7527272727272728,0.647907936558893,0.26194930741234057,0.012733482146399692,18.284209789523644,18.26264539746035
0.3,0.7657575757575759,0.6521643120932589,0.264779117127545,0.006831597634915027,18.36713552514632,18.361025095207886
0.3,0.7787878787878788,0.6564184138980848,0.26759091942833935,0.0008123896336465572,18.45834447348508,18.458259409494776
0.3,0.7918181818181819,0.6606690566872642,0.27038256717873727,-0.005323899559843828,18.55788913204278,18.55429267687076
0.3,0.8048484848484849,0.6649150097919763,0.27315187563092813,-0.011576922182244763,18.665810978404913,18.64906887144446
0.3,0.8178787878787879,0.6691549959878138,0.2758966250736712,-0.017946222034882813,18.78214057784719,18.742531667380717
0.3,0.8309090909090909,0.6733876903140542,0.27861456367906035,-0.02443123163955038,18.90689775919037,18.834624504229247
0.3,0.843939393939394,0.6776117188867857,0.28130341054665103,-0.031031269534858425,19.040091855176133,18.92529065501681
0.3,0.856969696969697,0.6818256577077261,0.2839608589429367,-0.0377455377283869,19.18172200279646,19.014473297020626
0.3,0.8700000000000001,0.6860280314707704,0.2865845797331352,-0.04457311932002577,19.331777498296326,19.102115585126562
0.3,0.883030303030303,0.690217312368448,0.28917222500117007,-0.051512976311925765,19.49023820099668,19.188160727660787
0.3,0.8960606060606061,0.6943919189006598,0.2917214318526118,-0.058563947620432835,19.657074979660802,19.272552064568647
0.3,0.9090909090909092,0.6985502146882426,0.29422982639420986,-0.06572474730521974,19.832250194851905,19.355233147799325
0.3,0.9221212121212121,0.7026905072941263,0.2966950278824771,-0.07299396303059649,20.015718210602426,19.436147823739958
0.3,0.9351515151515152,0.7068110470550238,0.29911465303261303,-0.08037005477362322,20.207425928725396,19.51524031752774
0.3,0.9481818181818182,0.7109100259268258,0.30148632047786117,-0.08785135379319997,20.407313339236815,19.59245531905359
0.3,0.9612121212121213,0.7149855763470866,0.3038076553682221,-0.09543606187374772,20.6153140806085,19.66773807045671
0.3,0.9742424242424244,0.7190357701182181,0.3060762940962575,-0.10312225085642275,20.831356003918174,19.741034454894823
0.3,0.9872727272727273,0.7230586173152377,0.3082898891365866,-0.11090786247002155,21.055361735389145,19.812291086361547
0.3,1.0003030303030302,0.7270520652221737,0.31044611398454847,-0.11879070847284447,21.2872492322982,19.881455400309278
0.3,1.0133333333333334,0.7310139973014689,0.312542668178429,-0.12676847111577952,21.52693232775873,19.94847574482361
0.3,1.0263636363636364,0.7349422322009858,0.3145772823886308,-0.1348387039357552,21.774321260440075,20.013301472084137
0.3,1.0393939393939395,0.7388345228034947,0.3165477235562072,-0.14299883288749965,22.029323185848508,20.075883029836007
0.3,1.0524242424242425,0.742688555323767,0.3184518000622916,-0.15124615782022074,22.29184266635468,20.136172052587483
0.3,1.0654545454545454,0.7465019484587019,0.32028736690916026,-0.15957785430441485,22.561782137697282,20.19412145224058
0.3,1.0784848484848486,0.7502722525961749,0.3220523308929574,-0.16799097581251085,22.83904235021116,20.24968550785535
0.3,1.0915151515151515,0.7539969490885816,0.32374465574751915,-0.1764824562554772,23.123522783513785,20.302819954243134
0.3,1.1045454545454547,0.7576734495973456,0.32536236723823725,-0.18504911287587197,23.41512203383075,20.353482069080172
0.3,1.1175757575757577,0.761299095514927,0.3269035581845571,-0.19368764949610284,23.7137381735449,20.401630758231317
0.3,1.1306060606060606,0.7648711574711675,0.32836639338945206,-0.20239466011890733,24.019269082912786,20.447226638972662
0.3,1.1436363636363638,0.7683868349310885,0.32974911445413957,-0.21116663287526746,24.331612754206084,20.490232120803604
0.3,1.1566666666666667,0.7718432558915282,0.33105004445633773,-0.21999995431314912,24.65066756880375,20.530611483541907
0.3,1.1696969696969697,0.7752374766842896,0.33226759247055704,-0.22889091401863326,24.97633254798647,20.568330952400117
0.3,1.1827272727272728,0.7785664818937306,0.33340025790926453,-0.23783570955917316,25.308507578368665,20.60335876974863
0.3,1.1957575757575758,0.7818271843969902,0.33444663466424635,-0.24683045173690718,25.64709361304932,20.635665263279307
0.3,1.2087878787878787,0.7850164255352756,0.335405415028138,-0.25587117013818794,25.991992849673906,20.66522291029387
0.3,1.221818181818182,0.7881309754248826,0.3362753933768808,-0.26495381896375464,26.343108886678785,20.692006397853675
0.3,1.2348484848484849,0.7911675334168276,0.3370554695947988,-0.2740742831223276,26.70034685904138,20.715992678541333
0.3,1.247878787878788,0.7941227287141492,0.3377446522250679,-0.28322838456881444,27.06361355488621,20.73716102160036
0.3,1.260909090909091,0.7969931211561332,0.3383420613295606,-0.29241188886683306,27.43281751430314,20.7554930592363
0.3,1.273939393939394,0.7997752021788289,0.3388469310433842,-0.3016205119538781,27.80786911172295,20.770972827881355
0.3,1.286969696969697,0.8024653959613584,0.3392586118108922,-0.3108499270861955,28.188680623168985,20.783586804244923
0.3,1.3,0.8050600607675846,0.3395765722915068,-0.32009577193930094,28.575166279665766,20.79332393599362
